               epoch,      train/box_loss,      train/obj_loss,      train/cls_loss,   metrics/precision,      metrics/recall,     metrics/mAP_0.5,metrics/mAP_0.5:0.95,        val/box_loss,        val/obj_loss,        val/cls_loss,               x/lr0,               x/lr1,               x/lr2
                   0,            0.059662,            0.035238,            0.051065,              0.4273,              0.4452,             0.37349,             0.19513,            0.042463,            0.013006,            0.023183,            0.070052,           0.0033276,           0.0033276
                   1,            0.048432,            0.028656,            0.024392,             0.44545,             0.45997,             0.40322,             0.21409,            0.040936,            0.013757,            0.018851,             0.04003,           0.0066389,           0.0066389
                   2,             0.04733,            0.029867,            0.024665,             0.35766,             0.34715,             0.27018,             0.13372,            0.046142,            0.016683,            0.024295,            0.009986,           0.0099283,           0.0099283
                   3,            0.049358,            0.033463,            0.031629,             0.30073,             0.26485,              0.1976,            0.094377,            0.045771,            0.017049,            0.028367,            0.009901,            0.009901,            0.009901
                   4,            0.049554,            0.034056,            0.032228,             0.34962,             0.30289,             0.25839,             0.12265,            0.044421,            0.016246,            0.026093,            0.009901,            0.009901,            0.009901
                   5,            0.048184,            0.034194,            0.029879,             0.32625,              0.2901,             0.22978,             0.11015,            0.043023,            0.016393,            0.024746,            0.009868,            0.009868,            0.009868
                   6,            0.047032,            0.034429,            0.028666,             0.31835,             0.27223,             0.22503,             0.11493,            0.043248,            0.015976,             0.02482,            0.009835,            0.009835,            0.009835
                   7,            0.045633,            0.033292,             0.02677,             0.36653,             0.36111,             0.30215,             0.14907,            0.041416,            0.015766,            0.021512,            0.009802,            0.009802,            0.009802
                   8,            0.044761,            0.033089,            0.026784,             0.31719,             0.33064,             0.25279,              0.1347,            0.040709,            0.016266,            0.023901,            0.009769,            0.009769,            0.009769
                   9,            0.044608,            0.033081,            0.025481,               0.393,             0.33753,              0.3163,             0.16575,            0.040616,            0.015942,            0.021094,            0.009736,            0.009736,            0.009736
                  10,            0.044499,            0.033283,            0.025686,             0.33857,             0.34805,             0.29164,             0.15372,            0.040527,               0.016,             0.02226,            0.009703,            0.009703,            0.009703
                  11,            0.043495,            0.032553,            0.023752,             0.37562,              0.3745,             0.32377,             0.17868,            0.039632,            0.015494,            0.020649,             0.00967,             0.00967,             0.00967
                  12,            0.042676,            0.031808,            0.022728,             0.40056,             0.38752,             0.33861,             0.18388,              0.0396,             0.01534,            0.020686,            0.009637,            0.009637,            0.009637
                  13,            0.041853,            0.032427,            0.021898,             0.39105,             0.38385,             0.33516,             0.18324,             0.03874,            0.015345,            0.020128,            0.009604,            0.009604,            0.009604
                  14,            0.041264,            0.032018,            0.020949,             0.42804,             0.42645,             0.37495,             0.20805,            0.038446,            0.015274,            0.018984,            0.009571,            0.009571,            0.009571
                  15,            0.041438,            0.031982,            0.020838,             0.44205,              0.4155,             0.37657,             0.21454,            0.038365,            0.015296,             0.01794,            0.009538,            0.009538,            0.009538
                  16,            0.040142,            0.031929,            0.019712,             0.40771,             0.43186,             0.36542,             0.20567,            0.038177,            0.015231,            0.018697,            0.009505,            0.009505,            0.009505
                  17,            0.040324,            0.031058,            0.018908,             0.41866,             0.44001,              0.3805,             0.21987,            0.036796,            0.015209,            0.017236,            0.009472,            0.009472,            0.009472
                  18,            0.039697,            0.030383,            0.019266,             0.42461,             0.40129,               0.381,             0.21189,             0.03699,            0.015251,            0.018449,            0.009439,            0.009439,            0.009439
                  19,            0.039314,            0.031154,            0.018389,             0.44992,             0.46615,             0.40705,              0.2395,            0.036411,            0.014954,            0.016298,            0.009406,            0.009406,            0.009406
                  20,             0.03886,            0.030225,            0.018229,             0.45848,             0.45192,             0.42096,             0.24646,            0.037111,            0.014763,            0.017868,            0.009373,            0.009373,            0.009373
                  21,            0.038794,             0.03006,            0.017524,             0.43595,             0.45716,             0.40356,             0.23803,            0.036406,            0.014714,            0.016323,             0.00934,             0.00934,             0.00934
                  22,            0.038176,             0.02976,            0.016448,             0.43488,              0.4476,             0.39083,             0.22638,            0.037461,            0.015268,            0.018647,            0.009307,            0.009307,            0.009307
                  23,            0.037675,            0.029853,            0.016692,             0.44987,             0.48733,              0.4279,             0.25853,            0.035839,            0.014884,             0.01758,            0.009274,            0.009274,            0.009274
                  24,            0.037421,            0.029603,             0.01572,             0.43755,             0.46301,             0.39572,             0.23087,            0.036417,            0.014888,            0.016732,            0.009241,            0.009241,            0.009241
                  25,            0.037005,            0.029196,            0.015663,             0.47376,             0.49282,             0.44415,             0.26433,            0.035723,            0.014677,            0.016475,            0.009208,            0.009208,            0.009208
                  26,            0.037001,            0.029427,            0.014762,              0.4662,             0.44842,             0.42057,             0.25793,            0.036229,             0.01514,            0.017985,            0.009175,            0.009175,            0.009175
                  27,             0.03589,            0.028965,            0.014936,             0.45205,             0.48885,             0.41885,              0.2526,            0.034764,            0.014689,            0.016891,            0.009142,            0.009142,            0.009142
                  28,            0.036377,            0.029609,            0.015001,             0.47369,             0.48956,             0.44565,              0.2711,            0.034557,            0.014641,            0.015655,            0.009109,            0.009109,            0.009109
                  29,            0.036016,             0.02889,             0.01457,              0.4914,             0.51304,             0.46055,             0.28125,            0.034175,            0.014616,            0.015942,            0.009076,            0.009076,            0.009076
                  30,            0.035667,             0.02928,            0.013964,             0.50709,              0.5136,             0.47183,             0.29191,            0.034767,            0.014565,            0.016191,            0.009043,            0.009043,            0.009043
                  31,            0.034852,            0.028133,            0.013566,             0.49498,              0.5139,              0.4777,             0.29069,            0.035261,            0.014439,            0.016232,             0.00901,             0.00901,             0.00901
                  32,            0.034744,            0.028831,            0.014184,             0.49488,             0.51878,             0.46999,             0.28813,            0.035017,            0.014514,             0.01652,            0.008977,            0.008977,            0.008977
                  33,            0.034121,             0.02778,            0.013378,             0.51478,             0.52492,              0.4775,             0.29614,            0.034565,            0.014385,            0.016329,            0.008944,            0.008944,            0.008944
                  34,            0.034466,             0.02783,            0.013352,             0.51811,             0.51659,             0.48894,             0.30896,            0.034088,            0.014349,             0.01574,            0.008911,            0.008911,            0.008911
                  35,            0.034279,            0.028199,            0.013535,             0.52239,             0.53261,             0.49281,             0.30465,            0.034093,            0.014601,            0.014944,            0.008878,            0.008878,            0.008878
                  36,            0.034214,            0.027938,            0.012796,              0.5312,             0.52541,             0.49531,             0.30689,            0.033946,            0.014275,            0.015711,            0.008845,            0.008845,            0.008845
                  37,            0.033773,            0.026994,            0.012885,             0.48528,             0.52989,             0.48287,             0.30266,             0.03457,            0.014238,             0.01567,            0.008812,            0.008812,            0.008812
                  38,            0.034142,            0.027539,            0.012865,             0.50458,             0.53856,               0.488,             0.30527,            0.034166,            0.014263,            0.015011,            0.008779,            0.008779,            0.008779
                  39,             0.03371,            0.027162,             0.01277,             0.51549,             0.53376,             0.49249,             0.30922,            0.034114,            0.014353,            0.015214,            0.008746,            0.008746,            0.008746
                  40,            0.033118,             0.02765,            0.012194,             0.52965,             0.53423,             0.49872,             0.31532,             0.03422,            0.014408,            0.016214,            0.008713,            0.008713,            0.008713
                  41,            0.032615,            0.026998,            0.012004,             0.55765,             0.53293,             0.51422,              0.3252,            0.033709,            0.014298,            0.014864,             0.00868,             0.00868,             0.00868
                  42,            0.032903,            0.026598,            0.011749,             0.53802,             0.55979,             0.52433,             0.33613,            0.033854,            0.014361,            0.014184,            0.008647,            0.008647,            0.008647
                  43,            0.032937,             0.02643,            0.011267,             0.53053,             0.54312,             0.51364,             0.32734,            0.032926,            0.014178,            0.014728,            0.008614,            0.008614,            0.008614
                  44,            0.032594,              0.0265,            0.011324,             0.50563,             0.54523,             0.50176,             0.32203,            0.033529,            0.014353,            0.014511,            0.008581,            0.008581,            0.008581
                  45,            0.032116,            0.026365,            0.011109,             0.53552,              0.5472,             0.51635,             0.33194,            0.033726,            0.014315,            0.014714,            0.008548,            0.008548,            0.008548
                  46,            0.031801,            0.026208,             0.01103,             0.52762,             0.56102,             0.51461,              0.3334,            0.032908,            0.014265,            0.014712,            0.008515,            0.008515,            0.008515
                  47,            0.031486,            0.026243,            0.011154,             0.54136,             0.55065,             0.52662,             0.33955,            0.033498,            0.014195,             0.01396,            0.008482,            0.008482,            0.008482
                  48,            0.031567,            0.026516,            0.011726,             0.55064,             0.56222,             0.53333,             0.34247,            0.033486,            0.014259,            0.013459,            0.008449,            0.008449,            0.008449
                  49,            0.030893,            0.026156,            0.010991,             0.54445,             0.55366,             0.51529,             0.33291,            0.033572,            0.014229,            0.014353,            0.008416,            0.008416,            0.008416
                  50,             0.03122,            0.026009,            0.011231,             0.53548,             0.56845,             0.53086,             0.34051,            0.032743,            0.014285,            0.013302,            0.008383,            0.008383,            0.008383
                  51,            0.031052,            0.025833,            0.010357,             0.56083,             0.57005,             0.53983,             0.34911,            0.033029,            0.014305,            0.013334,             0.00835,             0.00835,             0.00835
                  52,             0.03144,            0.025241,            0.010291,             0.55858,             0.56644,             0.53216,             0.34445,             0.03299,            0.014388,              0.0145,            0.008317,            0.008317,            0.008317
                  53,            0.031319,            0.025645,             0.01049,             0.57529,             0.54629,             0.54247,             0.35072,             0.03288,            0.014112,            0.013858,            0.008284,            0.008284,            0.008284
                  54,            0.030841,            0.025903,            0.010602,             0.57388,             0.56958,             0.53971,             0.35089,            0.032836,            0.014374,            0.014144,            0.008251,            0.008251,            0.008251
                  55,            0.031103,            0.025178,            0.010954,             0.55805,             0.57851,             0.53702,              0.3552,            0.032883,            0.014328,            0.014826,            0.008218,            0.008218,            0.008218
                  56,            0.030352,            0.024884,            0.010216,             0.56675,             0.57035,             0.54296,             0.35576,            0.032625,            0.014284,            0.014051,            0.008185,            0.008185,            0.008185
                  57,            0.031323,            0.025184,            0.010534,             0.56636,             0.56612,             0.53547,             0.35273,            0.032883,            0.014443,            0.014667,            0.008152,            0.008152,            0.008152
                  58,            0.030609,            0.025111,            0.010083,             0.58345,             0.57519,              0.5497,             0.36443,             0.03281,            0.014208,            0.014405,            0.008119,            0.008119,            0.008119
                  59,            0.030186,            0.025018,            0.011186,              0.5934,             0.56535,             0.54841,             0.36243,            0.032276,            0.014284,            0.014265,            0.008086,            0.008086,            0.008086
                  60,            0.029828,            0.025255,           0.0099932,             0.59284,              0.5518,             0.54588,             0.36424,            0.032816,            0.014229,            0.014467,            0.008053,            0.008053,            0.008053
                  61,            0.029898,            0.024837,           0.0099709,             0.59472,             0.56822,             0.54878,             0.36547,            0.032728,            0.014139,            0.013705,             0.00802,             0.00802,             0.00802
                  62,            0.029591,            0.024591,           0.0092557,             0.58023,             0.57204,             0.54514,             0.36232,             0.03285,            0.014322,            0.013977,            0.007987,            0.007987,            0.007987
                  63,            0.030138,            0.024913,            0.010023,             0.59557,             0.56148,             0.54915,              0.3666,             0.03292,            0.014298,            0.013851,            0.007954,            0.007954,            0.007954
                  64,            0.029599,            0.024122,           0.0095743,             0.56893,             0.57689,             0.54988,             0.37003,            0.032973,            0.014324,            0.013911,            0.007921,            0.007921,            0.007921
                  65,            0.029366,             0.02465,           0.0098355,             0.58501,             0.57656,             0.55227,             0.36755,            0.032856,             0.01428,            0.013482,            0.007888,            0.007888,            0.007888
                  66,            0.029665,            0.024879,            0.010103,             0.59887,             0.58121,             0.56118,             0.37295,            0.032543,            0.014318,            0.013438,            0.007855,            0.007855,            0.007855
                  67,            0.029331,            0.024849,           0.0092171,             0.59451,             0.57207,             0.56187,             0.37798,            0.032886,            0.014184,            0.013817,            0.007822,            0.007822,            0.007822
                  68,            0.028772,             0.02416,           0.0098666,             0.58014,             0.58527,             0.56274,             0.37856,            0.032924,            0.014313,            0.014122,            0.007789,            0.007789,            0.007789
                  69,            0.029055,            0.023867,           0.0097639,              0.5744,             0.58871,             0.56603,              0.3796,            0.032637,            0.014267,             0.01381,            0.007756,            0.007756,            0.007756
                  70,            0.028944,            0.024434,           0.0094117,             0.59542,             0.58139,             0.56546,             0.37962,            0.032658,            0.014294,            0.013487,            0.007723,            0.007723,            0.007723
                  71,            0.028642,            0.023767,            0.009188,             0.60753,             0.58723,             0.56487,             0.37757,            0.032765,            0.014435,            0.013628,             0.00769,             0.00769,             0.00769
                  72,            0.028721,            0.023899,           0.0089247,             0.59124,              0.5877,             0.56758,             0.38162,            0.032722,            0.014441,            0.013758,            0.007657,            0.007657,            0.007657
                  73,            0.028435,            0.024044,           0.0095519,             0.60108,              0.5805,             0.56933,             0.37953,            0.032757,            0.014478,            0.013892,            0.007624,            0.007624,            0.007624
                  74,            0.028471,            0.023892,           0.0089506,             0.61659,             0.57347,             0.56847,             0.38248,            0.032719,            0.014381,             0.01372,            0.007591,            0.007591,            0.007591
                  75,            0.028242,            0.023211,           0.0088619,             0.62937,             0.57259,             0.57319,             0.38988,            0.032747,            0.014449,            0.013185,            0.007558,            0.007558,            0.007558
                  76,            0.028062,            0.023193,           0.0087079,             0.59662,              0.5877,             0.57442,              0.3887,            0.032703,            0.014459,            0.013477,            0.007525,            0.007525,            0.007525
                  77,            0.027476,            0.023355,           0.0086211,             0.60678,             0.60642,             0.57888,              0.3901,            0.032431,            0.014582,            0.013391,            0.007492,            0.007492,            0.007492
                  78,            0.028029,            0.023132,           0.0091239,             0.61785,             0.59311,             0.58305,             0.39359,             0.03267,            0.014518,            0.013205,            0.007459,            0.007459,            0.007459
                  79,            0.027428,            0.023254,            0.009056,             0.58954,             0.60406,             0.57045,             0.38523,            0.032839,            0.014569,            0.014217,            0.007426,            0.007426,            0.007426
                  80,            0.028072,            0.023665,           0.0090642,             0.61157,             0.59473,             0.57753,              0.3897,            0.032915,            0.014534,            0.014381,            0.007393,            0.007393,            0.007393
                  81,            0.027437,            0.023121,           0.0080496,             0.61398,             0.59946,               0.579,             0.39057,            0.032717,            0.014561,            0.014422,             0.00736,             0.00736,             0.00736
                  82,            0.027662,            0.023316,           0.0086519,               0.631,             0.58909,             0.58573,             0.39426,            0.032454,            0.014551,            0.013779,            0.007327,            0.007327,            0.007327
                  83,            0.027527,            0.023117,           0.0085235,             0.63123,             0.60056,             0.59056,             0.39641,            0.032475,            0.014521,            0.013788,            0.007294,            0.007294,            0.007294
                  84,             0.02692,            0.022693,           0.0082143,             0.61729,              0.6057,             0.58413,             0.39365,            0.032769,            0.014623,            0.013712,            0.007261,            0.007261,            0.007261
                  85,            0.027343,            0.022817,           0.0084093,             0.62723,             0.57881,             0.57725,             0.38968,            0.032685,            0.014711,            0.013792,            0.007228,            0.007228,            0.007228
                  86,             0.02711,            0.022835,           0.0083554,             0.60941,             0.60356,             0.57911,             0.39507,            0.032916,            0.014688,            0.013582,            0.007195,            0.007195,            0.007195
                  87,            0.027349,            0.022878,           0.0081848,             0.61729,             0.60527,              0.5798,             0.39827,            0.032876,            0.014678,            0.013269,            0.007162,            0.007162,            0.007162
                  88,            0.027038,            0.022798,            0.008149,             0.60031,             0.61667,             0.58227,              0.3995,            0.032764,            0.014732,            0.013052,            0.007129,            0.007129,            0.007129
                  89,            0.027211,            0.022538,            0.008178,             0.61668,             0.60358,             0.57956,             0.39711,            0.032512,            0.014743,            0.013133,            0.007096,            0.007096,            0.007096
                  90,            0.026038,            0.021989,            0.007751,             0.62336,             0.59496,             0.57989,             0.39816,            0.032361,            0.014824,            0.013505,            0.007063,            0.007063,            0.007063
                  91,            0.026715,            0.022326,           0.0080261,             0.61152,             0.61675,             0.57976,             0.39815,             0.03241,            0.014794,            0.013544,             0.00703,             0.00703,             0.00703
                  92,             0.02614,            0.021996,           0.0080668,             0.61475,             0.61294,              0.5812,             0.39999,            0.032489,            0.014796,             0.01328,            0.006997,            0.006997,            0.006997
                  93,             0.02666,            0.022226,           0.0080403,             0.62016,             0.60971,             0.58127,             0.39976,             0.03257,            0.014837,            0.013268,            0.006964,            0.006964,            0.006964
                  94,            0.027365,            0.022501,           0.0081617,             0.61496,             0.62317,             0.57771,              0.3972,            0.032652,            0.014864,            0.013171,            0.006931,            0.006931,            0.006931
                  95,            0.026329,            0.022068,            0.007615,              0.6031,             0.62491,             0.57737,              0.3967,            0.032623,            0.014878,            0.013126,            0.006898,            0.006898,            0.006898
                  96,            0.026451,            0.021858,            0.008107,             0.60993,             0.62131,              0.5848,             0.40229,            0.032687,            0.014827,            0.013036,            0.006865,            0.006865,            0.006865
                  97,            0.026305,            0.022228,           0.0077355,             0.61276,             0.62243,             0.58556,             0.40279,            0.032824,            0.014838,            0.013005,            0.006832,            0.006832,            0.006832
                  98,            0.025864,            0.022153,           0.0074012,             0.62381,             0.61421,             0.58893,             0.40369,            0.032916,            0.014897,            0.012988,            0.006799,            0.006799,            0.006799
                  99,            0.026059,            0.021581,           0.0074257,             0.62958,             0.61239,             0.58954,             0.40564,            0.032983,            0.014904,            0.013031,            0.006766,            0.006766,            0.006766
                 100,             0.02579,            0.021612,           0.0080103,             0.62805,             0.60931,             0.58759,             0.40421,            0.032963,            0.014898,            0.012971,            0.006733,            0.006733,            0.006733
                 101,            0.026149,            0.021819,           0.0078887,             0.63568,             0.60502,             0.58466,             0.40496,            0.033111,            0.014891,            0.013078,              0.0067,              0.0067,              0.0067
                 102,            0.025744,            0.021497,           0.0075485,             0.64387,              0.6072,             0.58943,             0.40807,            0.033096,            0.014903,            0.013059,            0.006667,            0.006667,            0.006667
                 103,            0.025737,            0.021717,            0.007758,             0.64219,             0.61672,              0.5932,             0.41027,            0.033061,            0.014923,            0.012998,            0.006634,            0.006634,            0.006634
                 104,            0.025794,            0.021602,           0.0074009,             0.64627,             0.61072,              0.5937,             0.41107,            0.032972,            0.014903,            0.013027,            0.006601,            0.006601,            0.006601
                 105,            0.025647,            0.021335,           0.0075271,             0.64049,             0.61444,             0.59426,             0.41173,            0.032862,             0.01491,            0.013138,            0.006568,            0.006568,            0.006568
                 106,            0.025504,            0.021469,           0.0076313,             0.64603,             0.60892,             0.59605,             0.41175,            0.032873,            0.014915,            0.013049,            0.006535,            0.006535,            0.006535
                 107,            0.025571,            0.021272,           0.0073013,             0.65271,             0.60158,             0.59756,              0.4127,            0.032837,            0.014885,            0.012803,            0.006502,            0.006502,            0.006502
                 108,            0.025361,            0.021152,           0.0070218,             0.64907,             0.60302,             0.59754,             0.41416,            0.032847,            0.014875,            0.012632,            0.006469,            0.006469,            0.006469
                 109,            0.025384,            0.021401,           0.0073718,             0.65064,             0.60445,             0.59804,             0.41472,            0.032817,             0.01488,            0.012443,            0.006436,            0.006436,            0.006436
                 110,            0.024987,            0.021184,           0.0072289,             0.65256,             0.59831,             0.59776,             0.41466,            0.032835,            0.014894,            0.012315,            0.006403,            0.006403,            0.006403
                 111,            0.025299,            0.021366,           0.0071805,             0.64333,             0.60692,             0.59698,             0.41449,            0.032887,            0.014909,            0.012452,             0.00637,             0.00637,             0.00637
                 112,            0.025466,            0.020853,           0.0073196,             0.63724,             0.61584,             0.59843,             0.41577,            0.032942,            0.014949,            0.012566,            0.006337,            0.006337,            0.006337
                 113,            0.025174,            0.021102,           0.0072437,             0.63434,             0.61892,             0.59684,             0.41432,            0.032918,            0.014962,            0.012673,            0.006304,            0.006304,            0.006304
                 114,            0.025036,            0.021155,           0.0073278,              0.6214,             0.63073,             0.59714,             0.41378,            0.032967,            0.014972,            0.012767,            0.006271,            0.006271,            0.006271
                 115,            0.024919,            0.020775,           0.0072267,              0.6284,             0.62785,             0.59739,             0.41272,            0.032958,            0.014974,            0.012821,            0.006238,            0.006238,            0.006238
                 116,            0.024931,             0.02074,           0.0077451,               0.631,             0.62234,             0.59737,             0.41433,            0.032938,            0.014963,            0.012857,            0.006205,            0.006205,            0.006205
                 117,            0.024448,            0.020923,           0.0067167,             0.61986,             0.62516,             0.59775,             0.41488,            0.032926,            0.014975,            0.012891,            0.006172,            0.006172,            0.006172
                 118,             0.02474,            0.020383,           0.0072141,             0.62508,             0.62521,              0.5992,             0.41651,            0.032846,            0.014981,            0.012856,            0.006139,            0.006139,            0.006139
                 119,            0.024503,            0.020731,           0.0069617,              0.6231,             0.63041,             0.59921,             0.41657,            0.032825,            0.014982,            0.012811,            0.006106,            0.006106,            0.006106
                 120,            0.024726,            0.020815,           0.0067432,             0.62876,             0.62984,             0.59904,             0.41645,            0.032816,            0.015015,            0.012794,            0.006073,            0.006073,            0.006073
                 121,            0.024063,            0.020489,           0.0066309,             0.62492,             0.64289,              0.5997,             0.41681,            0.032867,             0.01503,            0.012737,             0.00604,             0.00604,             0.00604
                 122,            0.024231,            0.020414,           0.0068641,             0.62136,             0.64556,             0.60039,             0.41708,            0.032924,            0.015041,            0.012731,            0.006007,            0.006007,            0.006007
                 123,            0.024449,            0.020275,           0.0071972,             0.62571,             0.64348,             0.60309,             0.41902,            0.032964,            0.015052,            0.012708,            0.005974,            0.005974,            0.005974
                 124,            0.024404,            0.020463,           0.0071543,              0.6261,             0.63835,             0.60217,             0.41981,            0.032988,            0.015059,            0.012688,            0.005941,            0.005941,            0.005941
                 125,            0.024539,            0.020475,           0.0073613,             0.62883,             0.63916,             0.60261,             0.42057,            0.033007,            0.015066,            0.012686,            0.005908,            0.005908,            0.005908
                 126,            0.023957,            0.020316,           0.0064764,             0.62732,             0.64295,              0.6026,             0.42135,            0.033016,             0.01508,            0.012678,            0.005875,            0.005875,            0.005875
                 127,             0.02402,             0.01987,           0.0067161,             0.62796,             0.63437,             0.60199,             0.42073,            0.033031,            0.015115,            0.012754,            0.005842,            0.005842,            0.005842
                 128,            0.023837,            0.020447,           0.0067753,              0.6272,             0.62859,             0.60266,             0.42083,            0.033045,            0.015143,            0.012769,            0.005809,            0.005809,            0.005809
                 129,             0.02433,            0.020436,            0.007137,             0.62716,             0.63007,             0.60312,             0.42151,            0.033051,            0.015162,            0.012802,            0.005776,            0.005776,            0.005776
                 130,            0.023792,            0.020084,           0.0065549,             0.62492,              0.6355,             0.60267,             0.42125,             0.03305,            0.015186,            0.012846,            0.005743,            0.005743,            0.005743
                 131,            0.024071,            0.019884,           0.0067813,             0.63123,             0.62654,             0.60372,             0.42122,            0.033059,            0.015205,            0.012841,             0.00571,             0.00571,             0.00571
                 132,             0.02364,            0.019958,           0.0067117,             0.62612,              0.6316,             0.60299,             0.42051,            0.033042,            0.015223,            0.012828,            0.005677,            0.005677,            0.005677
                 133,             0.02395,            0.020478,            0.006905,             0.62476,             0.63387,               0.603,             0.42055,             0.03306,            0.015245,            0.012858,            0.005644,            0.005644,            0.005644
                 134,            0.023365,            0.020071,           0.0063868,              0.6334,             0.62653,             0.60286,             0.42027,            0.033078,            0.015263,            0.012869,            0.005611,            0.005611,            0.005611
                 135,            0.023584,            0.019727,           0.0069593,             0.63198,             0.62508,             0.60211,             0.42018,              0.0331,            0.015274,            0.012881,            0.005578,            0.005578,            0.005578
                 136,            0.023487,            0.019768,           0.0063205,             0.63718,             0.62487,             0.60211,             0.42096,            0.033107,            0.015289,            0.012881,            0.005545,            0.005545,            0.005545
                 137,            0.022907,            0.019499,           0.0062236,             0.63465,              0.6263,             0.60321,             0.42138,            0.033099,            0.015299,            0.012868,            0.005512,            0.005512,            0.005512
                 138,             0.02316,            0.019479,           0.0062639,             0.63312,             0.62944,              0.6038,             0.42198,            0.033118,            0.015312,            0.012897,            0.005479,            0.005479,            0.005479
                 139,            0.023004,            0.019598,           0.0059545,             0.63477,             0.62697,             0.60348,              0.4219,            0.033143,            0.015313,            0.012908,            0.005446,            0.005446,            0.005446
                 140,             0.02323,            0.019416,           0.0062615,             0.63986,             0.62298,             0.60393,             0.42229,            0.033142,             0.01532,            0.012903,            0.005413,            0.005413,            0.005413
                 141,            0.023033,            0.019128,           0.0062277,             0.64043,             0.62175,             0.60368,             0.42243,            0.033146,            0.015333,            0.012906,             0.00538,             0.00538,             0.00538
                 142,            0.022997,            0.018927,           0.0066468,             0.64045,             0.62256,              0.6049,             0.42391,            0.033111,            0.015338,            0.012891,            0.005347,            0.005347,            0.005347
                 143,            0.022785,            0.019242,           0.0060799,             0.64012,             0.62358,             0.60546,             0.42421,            0.033096,            0.015339,            0.012886,            0.005314,            0.005314,            0.005314
                 144,            0.022988,            0.019389,           0.0062765,             0.64073,             0.62233,             0.60602,             0.42445,            0.033086,            0.015342,            0.012899,            0.005281,            0.005281,            0.005281
                 145,            0.022556,            0.019172,           0.0062325,             0.64213,             0.62168,             0.60558,             0.42454,             0.03309,            0.015342,            0.012919,            0.005248,            0.005248,            0.005248
                 146,            0.022684,            0.018995,           0.0059864,             0.64813,             0.61604,             0.60606,             0.42498,            0.033097,            0.015349,            0.012928,            0.005215,            0.005215,            0.005215
                 147,            0.022488,            0.019241,           0.0061266,             0.64817,             0.61737,             0.60686,             0.42505,            0.033098,            0.015354,            0.012948,            0.005182,            0.005182,            0.005182
                 148,            0.022916,            0.019077,            0.006137,             0.65085,             0.61783,             0.60694,             0.42523,            0.033097,            0.015362,            0.012971,            0.005149,            0.005149,            0.005149
                 149,            0.022308,            0.018719,           0.0058508,             0.65209,             0.61715,             0.60677,             0.42582,             0.03309,            0.015373,             0.01297,            0.005116,            0.005116,            0.005116
                 150,            0.022419,            0.019061,           0.0059374,              0.6508,             0.61873,             0.60684,             0.42644,            0.033085,             0.01539,            0.012978,            0.005083,            0.005083,            0.005083
                 151,            0.022534,            0.018951,           0.0060661,             0.65141,             0.61988,             0.60612,              0.4262,            0.033082,            0.015401,            0.012991,             0.00505,             0.00505,             0.00505
                 152,            0.021999,            0.018564,           0.0058275,             0.65172,             0.62075,             0.60636,             0.42676,            0.033086,            0.015413,            0.013016,            0.005017,            0.005017,            0.005017
                 153,            0.021946,            0.018913,           0.0060943,             0.65706,             0.61401,             0.60675,             0.42702,            0.033092,            0.015423,            0.013029,            0.004984,            0.004984,            0.004984
                 154,            0.022354,            0.018768,           0.0056996,             0.65996,             0.61227,             0.60712,             0.42748,              0.0331,            0.015432,            0.013043,            0.004951,            0.004951,            0.004951
                 155,            0.022074,            0.018684,           0.0055083,             0.65946,             0.61273,             0.60733,              0.4279,            0.033105,             0.01544,            0.013055,            0.004918,            0.004918,            0.004918
                 156,            0.021751,            0.018666,           0.0059302,             0.65882,             0.61546,             0.60786,             0.42868,             0.03312,            0.015446,            0.013079,            0.004885,            0.004885,            0.004885
                 157,            0.022058,            0.018639,           0.0059629,             0.65581,             0.61881,             0.60738,              0.4286,             0.03314,            0.015452,            0.013107,            0.004852,            0.004852,            0.004852
                 158,            0.021926,            0.018334,            0.005902,             0.66282,             0.61203,             0.60751,             0.42859,            0.033154,            0.015464,             0.01312,            0.004819,            0.004819,            0.004819
                 159,            0.021722,            0.018244,           0.0054452,             0.66511,             0.61061,             0.60783,             0.42942,            0.033165,            0.015473,            0.013123,            0.004786,            0.004786,            0.004786
                 160,             0.02204,            0.018305,           0.0059187,             0.66451,             0.61229,             0.60779,             0.42944,             0.03318,             0.01548,            0.013134,            0.004753,            0.004753,            0.004753
                 161,            0.021439,            0.018477,           0.0058293,             0.66328,             0.61275,             0.60801,             0.42963,            0.033194,            0.015483,            0.013158,             0.00472,             0.00472,             0.00472
                 162,             0.02145,             0.01812,           0.0055518,             0.66375,             0.61082,             0.60829,             0.43009,            0.033206,            0.015491,             0.01317,            0.004687,            0.004687,            0.004687
                 163,            0.021517,             0.01828,           0.0053803,              0.6569,             0.61987,              0.6085,             0.43044,            0.033208,            0.015499,             0.01317,            0.004654,            0.004654,            0.004654
                 164,            0.021296,            0.018078,           0.0051538,             0.65664,             0.62024,             0.60839,             0.43076,            0.033217,             0.01551,            0.013185,            0.004621,            0.004621,            0.004621
                 165,            0.021402,            0.018099,           0.0057015,             0.65509,             0.62184,             0.60817,             0.43026,            0.033229,            0.015519,            0.013208,            0.004588,            0.004588,            0.004588
                 166,            0.021483,            0.018544,           0.0056669,             0.65885,             0.61934,              0.6079,             0.43088,            0.033242,            0.015526,            0.013222,            0.004555,            0.004555,            0.004555
                 167,            0.021131,            0.018026,           0.0052083,             0.66011,             0.61673,              0.6082,             0.43096,            0.033248,            0.015534,            0.013233,            0.004522,            0.004522,            0.004522
                 168,            0.021458,             0.01808,           0.0055618,             0.66057,             0.61612,             0.60785,             0.43073,            0.033257,            0.015542,            0.013238,            0.004489,            0.004489,            0.004489
                 169,            0.021124,            0.018019,           0.0056029,             0.65993,              0.6158,             0.60827,             0.43116,            0.033268,            0.015552,            0.013255,            0.004456,            0.004456,            0.004456
                 170,            0.021345,            0.017588,           0.0052811,             0.66068,             0.61603,             0.60822,             0.43143,            0.033278,            0.015562,             0.01325,            0.004423,            0.004423,            0.004423
                 171,            0.020918,            0.017767,           0.0052077,             0.65951,             0.61487,             0.60817,             0.43158,            0.033288,             0.01557,            0.013246,             0.00439,             0.00439,             0.00439
                 172,            0.020721,            0.017567,           0.0051451,              0.6601,             0.61599,             0.60868,             0.43182,            0.033305,            0.015578,            0.013264,            0.004357,            0.004357,            0.004357
                 173,            0.020989,            0.017533,           0.0053352,             0.65599,              0.6213,             0.60848,             0.43173,            0.033319,            0.015583,            0.013249,            0.004324,            0.004324,            0.004324
                 174,            0.020713,            0.017371,           0.0054415,              0.6548,             0.62369,             0.60823,              0.4312,            0.033327,            0.015589,            0.013234,            0.004291,            0.004291,            0.004291
                 175,            0.021235,            0.017579,             0.00531,             0.65322,             0.62449,             0.60818,             0.43166,            0.033332,            0.015592,            0.013232,            0.004258,            0.004258,            0.004258
                 176,            0.020849,            0.017762,           0.0051957,              0.6444,             0.63211,             0.60847,               0.432,            0.033334,            0.015597,            0.013236,            0.004225,            0.004225,            0.004225
                 177,            0.020353,             0.01754,           0.0055515,             0.64498,             0.63126,              0.6083,             0.43189,            0.033343,            0.015603,            0.013231,            0.004192,            0.004192,            0.004192
                 178,            0.020918,            0.017487,           0.0050625,             0.64568,             0.63121,             0.60833,             0.43157,            0.033346,            0.015608,            0.013243,            0.004159,            0.004159,            0.004159
                 179,            0.020409,            0.017422,           0.0050274,             0.64659,             0.62949,             0.60859,             0.43132,            0.033359,            0.015613,            0.013258,            0.004126,            0.004126,            0.004126
                 180,            0.020756,            0.017419,           0.0053361,             0.64427,             0.63179,             0.60859,             0.43142,            0.033363,             0.01562,            0.013269,            0.004093,            0.004093,            0.004093
                 181,            0.020086,            0.017072,           0.0049316,             0.64322,              0.6312,             0.60872,             0.43181,            0.033366,            0.015627,            0.013277,             0.00406,             0.00406,             0.00406
                 182,            0.020434,             0.01746,           0.0049578,              0.6453,             0.62696,              0.6082,             0.43213,             0.03337,            0.015634,            0.013292,            0.004027,            0.004027,            0.004027
                 183,            0.020263,            0.017442,           0.0049453,             0.65214,             0.62502,              0.6084,              0.4326,            0.033375,            0.015643,            0.013293,            0.003994,            0.003994,            0.003994
                 184,            0.020244,            0.017214,            0.004891,             0.65209,             0.62667,              0.6089,             0.43299,            0.033383,            0.015654,              0.0133,            0.003961,            0.003961,            0.003961
                 185,            0.020035,             0.01703,            0.005194,             0.64888,             0.62623,             0.60872,             0.43334,            0.033395,            0.015663,            0.013308,            0.003928,            0.003928,            0.003928
                 186,            0.019948,            0.016893,           0.0048552,             0.64673,             0.62729,             0.60919,             0.43376,            0.033407,            0.015673,            0.013314,            0.003895,            0.003895,            0.003895
                 187,            0.020105,            0.017095,           0.0050199,              0.6471,             0.62619,             0.60918,             0.43356,            0.033415,            0.015687,            0.013323,            0.003862,            0.003862,            0.003862
                 188,             0.02028,             0.01694,           0.0053498,             0.64622,              0.6263,             0.60942,             0.43369,            0.033423,            0.015697,            0.013329,            0.003829,            0.003829,            0.003829
                 189,            0.019948,            0.016974,           0.0054127,             0.64526,             0.62647,             0.60977,             0.43424,            0.033437,            0.015706,            0.013326,            0.003796,            0.003796,            0.003796
                 190,             0.01977,            0.016935,           0.0049558,             0.64522,             0.62911,             0.60982,             0.43388,             0.03345,            0.015717,            0.013325,            0.003763,            0.003763,            0.003763
                 191,            0.019699,            0.016867,           0.0048275,             0.64626,             0.62459,             0.60975,             0.43407,            0.033463,            0.015727,            0.013324,             0.00373,             0.00373,             0.00373
                 192,             0.01942,            0.016828,           0.0045171,             0.64582,             0.62816,             0.60949,             0.43364,            0.033475,            0.015737,            0.013319,            0.003697,            0.003697,            0.003697
                 193,             0.01946,            0.016546,           0.0044953,             0.64323,             0.62977,             0.60954,             0.43372,            0.033491,            0.015747,            0.013327,            0.003664,            0.003664,            0.003664
                 194,            0.019488,             0.01656,           0.0047317,             0.64151,             0.62882,             0.60953,             0.43356,            0.033501,            0.015759,            0.013328,            0.003631,            0.003631,            0.003631
                 195,            0.019415,            0.016625,           0.0046482,             0.63896,             0.63142,              0.6088,              0.4334,            0.033506,             0.01577,            0.013328,            0.003598,            0.003598,            0.003598
                 196,            0.018718,            0.016235,           0.0045801,             0.63777,             0.63143,             0.60892,             0.43331,            0.033516,            0.015781,            0.013338,            0.003565,            0.003565,            0.003565
                 197,             0.01899,            0.016612,           0.0044664,             0.63991,             0.62923,             0.60865,             0.43316,            0.033525,            0.015792,            0.013341,            0.003532,            0.003532,            0.003532
                 198,            0.019316,            0.016704,           0.0045389,             0.64219,             0.62877,             0.60886,             0.43336,            0.033534,            0.015803,            0.013331,            0.003499,            0.003499,            0.003499
                 199,            0.019081,            0.016252,           0.0044809,             0.64179,             0.62837,             0.60904,             0.43331,            0.033546,            0.015812,            0.013324,            0.003466,            0.003466,            0.003466
                 200,            0.019089,            0.016303,           0.0045081,             0.64317,              0.6291,             0.60937,             0.43335,            0.033555,            0.015823,            0.013326,            0.003433,            0.003433,            0.003433
                 201,            0.018932,            0.016241,           0.0045245,              0.6444,             0.62757,             0.60934,             0.43353,             0.03357,            0.015833,            0.013329,              0.0034,              0.0034,              0.0034
                 202,            0.019084,               0.016,           0.0045452,             0.64705,             0.62594,             0.60999,             0.43387,             0.03358,            0.015845,             0.01333,            0.003367,            0.003367,            0.003367
                 203,            0.018453,            0.016132,           0.0041186,             0.65106,             0.62619,              0.6104,              0.4341,            0.033597,            0.015856,            0.013329,            0.003334,            0.003334,            0.003334
                 204,            0.018608,            0.016203,           0.0041826,             0.64949,             0.62775,             0.61051,             0.43406,            0.033608,            0.015869,            0.013328,            0.003301,            0.003301,            0.003301
                 205,             0.01862,            0.015995,           0.0045665,             0.65516,             0.62449,             0.61106,             0.43404,            0.033617,            0.015881,            0.013332,            0.003268,            0.003268,            0.003268
                 206,            0.018801,            0.015986,           0.0044373,             0.65416,             0.62565,             0.61076,              0.4339,            0.033623,            0.015896,            0.013325,            0.003235,            0.003235,            0.003235
                 207,            0.018578,            0.015808,           0.0041063,             0.65545,             0.62522,             0.61086,             0.43403,            0.033631,            0.015907,            0.013319,            0.003202,            0.003202,            0.003202
                 208,            0.018238,            0.015584,            0.004245,             0.65453,             0.62424,             0.61071,             0.43412,            0.033639,            0.015916,             0.01331,            0.003169,            0.003169,            0.003169
                 209,            0.018632,             0.01563,           0.0041442,             0.65448,             0.62454,               0.611,             0.43465,            0.033652,            0.015928,            0.013303,            0.003136,            0.003136,            0.003136
                 210,            0.018493,            0.015624,           0.0042416,              0.6554,              0.6245,             0.61101,             0.43465,            0.033667,             0.01594,            0.013305,            0.003103,            0.003103,            0.003103
                 211,             0.01858,            0.015923,           0.0042628,             0.65547,             0.62468,             0.61098,             0.43494,             0.03368,            0.015953,            0.013301,             0.00307,             0.00307,             0.00307
                 212,            0.018279,             0.01558,           0.0042745,             0.65416,             0.62343,             0.61104,             0.43534,            0.033691,            0.015966,            0.013299,            0.003037,            0.003037,            0.003037
                 213,            0.017995,            0.015602,           0.0041424,             0.65498,             0.62261,             0.61115,             0.43527,            0.033702,            0.015979,            0.013287,            0.003004,            0.003004,            0.003004
                 214,             0.01825,            0.015553,           0.0041127,             0.65441,             0.62112,              0.6111,             0.43572,             0.03372,            0.015991,            0.013279,            0.002971,            0.002971,            0.002971
                 215,            0.017919,             0.01528,           0.0038034,              0.6539,             0.62108,             0.61081,             0.43594,            0.033742,            0.016001,             0.01329,            0.002938,            0.002938,            0.002938
                 216,            0.018236,            0.015469,           0.0042581,             0.65296,             0.62284,             0.61078,             0.43555,            0.033758,            0.016014,            0.013295,            0.002905,            0.002905,            0.002905
                 217,            0.018086,            0.015339,           0.0039848,             0.65258,             0.62305,             0.61061,             0.43565,            0.033778,             0.01603,              0.0133,            0.002872,            0.002872,            0.002872
                 218,            0.018107,            0.015574,           0.0039512,              0.6519,             0.62191,             0.60994,             0.43554,            0.033796,            0.016045,            0.013314,            0.002839,            0.002839,            0.002839
                 219,            0.017875,            0.015471,           0.0039764,              0.6526,             0.62183,             0.60954,             0.43572,            0.033817,             0.01606,            0.013325,            0.002806,            0.002806,            0.002806
                 220,            0.018077,            0.015103,            0.004058,              0.6541,             0.62106,             0.60968,             0.43601,            0.033835,            0.016077,            0.013333,            0.002773,            0.002773,            0.002773
                 221,            0.017599,            0.015281,           0.0039968,             0.65324,              0.6229,             0.61038,             0.43589,            0.033851,            0.016095,            0.013333,             0.00274,             0.00274,             0.00274
                 222,            0.017161,            0.015052,           0.0035754,             0.65487,             0.62191,             0.61034,             0.43603,            0.033867,            0.016112,            0.013335,            0.002707,            0.002707,            0.002707
                 223,            0.017175,            0.014758,           0.0037642,             0.65495,             0.62181,             0.60997,             0.43598,            0.033883,            0.016129,            0.013342,            0.002674,            0.002674,            0.002674
                 224,            0.017156,            0.015057,           0.0038464,             0.65434,             0.62064,             0.61041,             0.43632,            0.033899,            0.016146,            0.013342,            0.002641,            0.002641,            0.002641
                 225,            0.017372,            0.014899,           0.0039661,             0.65198,             0.62303,             0.61032,             0.43586,            0.033915,            0.016163,            0.013348,            0.002608,            0.002608,            0.002608
                 226,            0.017365,            0.014707,           0.0037277,             0.65148,             0.62048,             0.60969,             0.43576,            0.033934,             0.01618,            0.013353,            0.002575,            0.002575,            0.002575
                 227,            0.017352,            0.014698,           0.0038596,             0.65141,             0.61865,             0.60923,             0.43559,            0.033951,            0.016196,            0.013367,            0.002542,            0.002542,            0.002542
                 228,            0.016997,            0.014866,           0.0035901,             0.64993,              0.6197,             0.60941,             0.43576,            0.033967,            0.016212,            0.013378,            0.002509,            0.002509,            0.002509
                 229,            0.016906,            0.015006,           0.0035686,              0.6503,             0.61999,             0.60901,             0.43551,            0.033984,            0.016229,             0.01339,            0.002476,            0.002476,            0.002476
                 230,            0.016993,            0.014703,           0.0035923,             0.64857,             0.61974,              0.6087,             0.43537,            0.034005,            0.016247,              0.0134,            0.002443,            0.002443,            0.002443
                 231,            0.016862,            0.014401,           0.0037521,             0.64988,              0.6209,             0.60875,              0.4352,            0.034027,            0.016262,            0.013413,             0.00241,             0.00241,             0.00241
                 232,             0.01657,            0.014394,           0.0033752,             0.65225,             0.62287,               0.609,             0.43512,             0.03405,            0.016279,            0.013422,            0.002377,            0.002377,            0.002377
                 233,            0.016553,            0.014607,           0.0035256,             0.65251,             0.62374,             0.60858,             0.43441,            0.034069,            0.016295,            0.013427,            0.002344,            0.002344,            0.002344
                 234,            0.016739,            0.014414,           0.0035689,             0.65266,             0.62365,             0.60841,             0.43458,            0.034085,            0.016313,            0.013436,            0.002311,            0.002311,            0.002311
                 235,            0.016641,            0.014444,           0.0034197,             0.65266,             0.62334,             0.60852,             0.43456,            0.034101,            0.016332,            0.013445,            0.002278,            0.002278,            0.002278
                 236,            0.016578,            0.014187,           0.0032997,             0.65391,             0.62301,              0.6086,             0.43475,             0.03412,             0.01635,            0.013456,            0.002245,            0.002245,            0.002245
                 237,            0.016374,            0.014331,           0.0036033,             0.65498,             0.62306,             0.60813,             0.43413,            0.034136,            0.016369,            0.013468,            0.002212,            0.002212,            0.002212
                 238,            0.016582,            0.014297,            0.003419,             0.65703,             0.62221,             0.60819,             0.43408,            0.034154,            0.016387,            0.013481,            0.002179,            0.002179,            0.002179
                 239,            0.016407,            0.014103,           0.0035268,             0.65782,             0.62039,             0.60813,               0.434,            0.034172,            0.016408,            0.013488,            0.002146,            0.002146,            0.002146
                 240,            0.015944,            0.014127,            0.003298,              0.6583,             0.62065,             0.60781,             0.43398,            0.034191,            0.016426,            0.013497,            0.002113,            0.002113,            0.002113
                 241,            0.016179,             0.01396,           0.0033911,             0.65582,             0.62405,               0.608,             0.43407,             0.03421,            0.016444,            0.013518,             0.00208,             0.00208,             0.00208
                 242,            0.016014,            0.013904,           0.0033476,             0.66151,             0.61468,             0.60847,              0.4342,            0.034225,            0.016463,            0.013533,            0.002047,            0.002047,            0.002047
                 243,            0.016201,            0.013925,           0.0036098,             0.66391,             0.61428,             0.60845,             0.43399,            0.034242,             0.01648,            0.013546,            0.002014,            0.002014,            0.002014
                 244,            0.015721,             0.01382,           0.0031228,             0.66311,             0.61532,             0.60784,             0.43403,             0.03426,            0.016501,            0.013557,            0.001981,            0.001981,            0.001981
                 245,            0.016063,            0.013936,           0.0032441,             0.66395,             0.61283,             0.60803,             0.43428,            0.034283,             0.01652,            0.013562,            0.001948,            0.001948,            0.001948
                 246,            0.015876,            0.013903,           0.0031167,              0.6641,             0.61336,             0.60833,             0.43437,            0.034301,            0.016536,            0.013562,            0.001915,            0.001915,            0.001915
                 247,             0.01566,            0.013451,           0.0031275,             0.66259,             0.61389,             0.60828,             0.43447,            0.034325,            0.016555,            0.013566,            0.001882,            0.001882,            0.001882
                 248,            0.015739,            0.013555,           0.0033227,             0.66412,             0.61259,             0.60847,             0.43451,            0.034347,            0.016573,            0.013573,            0.001849,            0.001849,            0.001849
                 249,            0.015357,            0.013561,           0.0030861,             0.66373,             0.61297,             0.60814,             0.43457,            0.034369,            0.016593,            0.013578,            0.001816,            0.001816,            0.001816
                 250,            0.015446,            0.013611,           0.0032487,             0.66512,              0.6117,             0.60805,             0.43399,            0.034387,             0.01661,            0.013584,            0.001783,            0.001783,            0.001783
                 251,            0.015222,            0.013308,           0.0032377,             0.66621,             0.61067,             0.60776,             0.43391,            0.034407,            0.016628,            0.013596,             0.00175,             0.00175,             0.00175
                 252,            0.015305,            0.013619,            0.002976,             0.66814,              0.6102,             0.60786,             0.43437,            0.034429,            0.016648,            0.013607,            0.001717,            0.001717,            0.001717
                 253,            0.015424,             0.01355,           0.0030203,             0.66905,                0.61,             0.60754,             0.43426,            0.034446,            0.016667,            0.013613,            0.001684,            0.001684,            0.001684
                 254,             0.01527,            0.013036,           0.0028871,             0.67293,              0.6089,             0.60767,             0.43421,            0.034465,            0.016686,            0.013623,            0.001651,            0.001651,            0.001651
                 255,            0.014929,            0.013211,           0.0029975,              0.6717,             0.60929,             0.60772,             0.43402,            0.034482,            0.016706,            0.013628,            0.001618,            0.001618,            0.001618
                 256,            0.015019,            0.013353,           0.0031807,             0.67134,             0.60987,             0.60741,             0.43413,            0.034502,            0.016727,            0.013629,            0.001585,            0.001585,            0.001585
                 257,            0.014961,            0.013149,            0.002855,             0.67076,             0.60974,             0.60697,             0.43394,            0.034523,            0.016747,            0.013631,            0.001552,            0.001552,            0.001552
                 258,            0.014919,            0.013159,           0.0030862,             0.66724,             0.61048,             0.60723,             0.43426,             0.03454,            0.016767,             0.01363,            0.001519,            0.001519,            0.001519
                 259,            0.014874,             0.01295,           0.0029479,             0.66443,             0.61199,             0.60733,             0.43473,            0.034559,            0.016786,            0.013631,            0.001486,            0.001486,            0.001486
                 260,            0.014721,            0.013039,           0.0028275,              0.6627,             0.61312,             0.60735,             0.43489,            0.034579,            0.016804,            0.013636,            0.001453,            0.001453,            0.001453
                 261,            0.014572,            0.012816,           0.0029607,             0.66187,             0.61278,              0.6074,             0.43476,            0.034601,            0.016824,            0.013637,             0.00142,             0.00142,             0.00142
                 262,             0.01444,            0.012875,           0.0028226,              0.6662,             0.61127,             0.60715,               0.435,            0.034621,            0.016844,            0.013639,            0.001387,            0.001387,            0.001387
                 263,            0.014733,            0.012708,           0.0026817,             0.66238,             0.61416,             0.60718,             0.43542,            0.034644,            0.016862,            0.013648,            0.001354,            0.001354,            0.001354
                 264,            0.014615,            0.012695,           0.0028385,             0.66318,             0.61463,             0.60698,             0.43527,            0.034668,            0.016883,            0.013657,            0.001321,            0.001321,            0.001321
                 265,            0.014402,            0.012933,           0.0029281,             0.68266,             0.59877,             0.60708,             0.43548,            0.034691,            0.016903,            0.013672,            0.001288,            0.001288,            0.001288
                 266,            0.014344,            0.012582,            0.002689,             0.68309,             0.59997,             0.60739,             0.43545,            0.034711,            0.016923,            0.013679,            0.001255,            0.001255,            0.001255
                 267,            0.014095,            0.012615,           0.0027303,             0.68335,             0.59863,             0.60733,             0.43546,            0.034733,            0.016945,            0.013687,            0.001222,            0.001222,            0.001222
                 268,            0.013907,            0.012865,           0.0026244,             0.68271,             0.59896,             0.60715,             0.43565,            0.034754,            0.016967,            0.013691,            0.001189,            0.001189,            0.001189
                 269,            0.014338,            0.012397,           0.0027966,             0.68432,             0.59713,              0.6068,              0.4352,            0.034782,            0.016991,            0.013696,            0.001156,            0.001156,            0.001156
                 270,            0.013646,            0.012429,           0.0026445,             0.68464,             0.59809,             0.60691,              0.4353,            0.034808,            0.017014,            0.013706,            0.001123,            0.001123,            0.001123
                 271,            0.013905,            0.012611,           0.0028336,             0.68565,             0.59719,             0.60701,             0.43533,            0.034831,            0.017036,            0.013711,             0.00109,             0.00109,             0.00109
                 272,            0.013775,            0.012449,            0.002648,             0.68701,             0.59796,             0.60725,             0.43573,             0.03485,             0.01706,            0.013714,            0.001057,            0.001057,            0.001057
                 273,            0.013765,            0.012334,           0.0027596,             0.68737,             0.59754,             0.60745,             0.43613,             0.03487,            0.017085,            0.013719,            0.001024,            0.001024,            0.001024
                 274,             0.01348,            0.012198,           0.0026897,             0.68702,             0.59794,             0.60731,              0.4361,            0.034889,            0.017111,            0.013724,            0.000991,            0.000991,            0.000991
                 275,             0.01347,            0.012128,           0.0024615,             0.68841,             0.59758,             0.60734,             0.43587,            0.034908,            0.017134,            0.013729,            0.000958,            0.000958,            0.000958
                 276,            0.013463,            0.012042,            0.002478,             0.68061,             0.60564,             0.60726,             0.43585,            0.034928,            0.017159,            0.013738,            0.000925,            0.000925,            0.000925
                 277,            0.013127,            0.012074,           0.0026197,             0.68267,             0.60536,             0.60704,             0.43567,             0.03495,            0.017184,            0.013748,            0.000892,            0.000892,            0.000892
                 278,            0.013477,            0.012027,           0.0026734,             0.68154,             0.60437,             0.60656,             0.43587,            0.034969,            0.017212,            0.013761,            0.000859,            0.000859,            0.000859
                 279,             0.01315,            0.011993,           0.0022255,              0.6814,              0.6054,              0.6066,              0.4358,            0.034991,            0.017242,            0.013769,            0.000826,            0.000826,            0.000826
                 280,            0.013166,            0.012225,           0.0024616,             0.68252,             0.60363,             0.60626,             0.43557,            0.035012,            0.017268,            0.013781,            0.000793,            0.000793,            0.000793
                 281,            0.013321,            0.011831,           0.0023929,             0.68425,             0.60357,             0.60623,             0.43609,            0.035034,            0.017298,            0.013792,             0.00076,             0.00076,             0.00076
                 282,            0.012936,            0.011893,            0.002359,             0.68503,             0.60374,             0.60601,             0.43611,            0.035058,            0.017324,            0.013801,            0.000727,            0.000727,            0.000727
                 283,            0.013167,            0.011895,           0.0023422,             0.68372,             0.60384,             0.60588,             0.43606,            0.035083,            0.017351,            0.013808,            0.000694,            0.000694,            0.000694
                 284,            0.012925,            0.011785,           0.0024137,             0.68467,             0.60319,             0.60573,             0.43597,            0.035103,            0.017378,            0.013819,            0.000661,            0.000661,            0.000661
                 285,            0.012825,            0.011805,           0.0023917,             0.68577,             0.60311,             0.60582,             0.43585,            0.035127,            0.017405,            0.013832,            0.000628,            0.000628,            0.000628
                 286,            0.012667,            0.011626,           0.0022394,              0.6826,             0.60408,             0.60556,             0.43588,            0.035147,            0.017434,            0.013848,            0.000595,            0.000595,            0.000595
                 287,            0.012706,            0.011742,           0.0023558,             0.68243,             0.60433,             0.60584,               0.436,            0.035174,            0.017463,            0.013864,            0.000562,            0.000562,            0.000562
                 288,            0.012681,            0.011649,           0.0022133,             0.68245,             0.60342,              0.6059,              0.4362,            0.035198,            0.017494,            0.013882,            0.000529,            0.000529,            0.000529
                 289,            0.012648,            0.011603,           0.0021731,             0.68474,             0.60393,             0.60552,             0.43557,            0.035228,            0.017525,            0.013897,            0.000496,            0.000496,            0.000496
                 290,            0.012334,            0.011459,           0.0022627,              0.6841,             0.60332,             0.60535,             0.43559,            0.035258,            0.017554,            0.013914,            0.000463,            0.000463,            0.000463
                 291,            0.012381,            0.011404,           0.0022169,             0.68231,             0.60368,             0.60536,             0.43586,            0.035286,            0.017586,            0.013928,             0.00043,             0.00043,             0.00043
                 292,            0.012384,            0.011444,           0.0020998,             0.67899,             0.60409,             0.60539,             0.43597,            0.035313,            0.017617,            0.013942,            0.000397,            0.000397,            0.000397
                 293,            0.012108,            0.011239,            0.002129,             0.68144,             0.60245,             0.60504,             0.43561,            0.035339,            0.017649,             0.01396,            0.000364,            0.000364,            0.000364
                 294,            0.012454,            0.011635,           0.0022363,             0.68001,              0.6022,             0.60495,              0.4357,            0.035364,            0.017681,            0.013978,            0.000331,            0.000331,            0.000331
                 295,            0.011868,            0.011159,           0.0022771,             0.68132,             0.60025,             0.60463,             0.43582,            0.035391,            0.017713,            0.013996,            0.000298,            0.000298,            0.000298
                 296,            0.011914,            0.010975,           0.0020188,             0.68068,             0.59882,             0.60418,             0.43548,            0.035419,            0.017747,            0.014012,            0.000265,            0.000265,            0.000265
                 297,            0.012081,            0.011219,           0.0020983,             0.68389,             0.59708,             0.60498,             0.43556,            0.035445,            0.017779,            0.014027,            0.000232,            0.000232,            0.000232
                 298,            0.011932,            0.011001,           0.0023439,             0.68774,             0.59518,             0.60476,             0.43561,            0.035471,            0.017809,            0.014044,            0.000199,            0.000199,            0.000199
                 299,            0.011831,            0.011183,           0.0020495,             0.68872,             0.59462,             0.60494,             0.43543,            0.035494,            0.017841,            0.014061,            0.000166,            0.000166,            0.000166
